first_name,middle_name,last_name,dob,email,phone,gender
Sloan,Lee,Williams,2011-04-10,sloan.williams406@school.edu,669-476-3221,male
Riley,Sage,Carter,2010-04-17,riley.carter8868@school.edu,493-817-6559,nonbinary
Alex,Taylor,Ramirez,2007-04-10,alex.ramirez2804@school.edu,212-205-5985,male
Finley,Jean,Flores,2015-01-04,finley.flores7828@example.edu,800-650-7745,female
Sam,James,White,2008-03-16,sam.white9977@students.edu,256-657-9494,nonbinary
Alex,Alex,Roberts,2017-03-25,alex.roberts8954@students.edu,528-706-7716,nonbinary
Remy,,Young,2014-08-12,remy.young4818@students.edu,796-416-7845,nonbinary
Noel,Drew,Nguyen,2005-05-14,noel.nguyen4886@students.edu,874-513-3528,female
Blake,Avery,Roberts,2013-02-02,blake.roberts245@school.edu,757-472-8868,female
Dakota,,King,2011-10-08,dakota.king3223@students.edu,726-369-4664,female
Parker,,Wright,2013-07-01,parker.wright8631@example.edu,921-793-2520,female
Noel,Jordan,King,2015-09-05,noel.king1645@example.edu,358-604-8679,male
Toby,Wren,Sanchez,2006-10-28,toby.sanchez3043@students.edu,952-262-2799,nonbinary
Frankie,Skye,Torres,2012-07-27,frankie.torres7095@school.edu,826-679-3761,nonbinary
Ari,Jordan,Jones,2008-12-05,ari.jones7597@school.edu,490-737-2615,male
Micah,Drew,White,2009-09-26,micah.white6963@students.edu,981-662-9674,nonbinary
Sage,Grace,King,2017-06-05,sage.king303@example.edu,700-987-6842,male
Frankie,Wren,Taylor,2011-08-28,frankie.taylor3491@school.edu,561-357-1755,female
Charlie,Jude,Miller,2005-04-20,charlie.miller8231@school.edu,693-810-2738,male
Riley,Reese,Baker,2017-02-02,riley.baker1515@example.edu,229-541-8315,male
Noel,Drew,Baker,2010-04-09,noel.baker7913@school.edu,516-671-9340,nonbinary
River,Lane,Scott,2013-03-27,river.scott7902@students.edu,345-798-7607,male
Winter,Marie,Allen,2013-04-05,winter.allen8704@students.edu,426-663-5235,nonbinary
Alex,,Flores,2017-06-27,alex.flores6750@school.edu,918-399-8822,female
Devin,Lee,White,2012-11-21,devin.white6126@example.edu,751-317-8115,nonbinary
Jamie,,Harris,2012-08-07,jamie.harris852@example.edu,760-660-9087,female
Harper,Avery,Thomas,2007-08-26,harper.thomas2948@students.edu,891-972-9771,female
Payton,Lee,Walker,2007-10-18,payton.walker7601@school.edu,267-823-2690,male
Emerson,,Clark,2012-05-13,emerson.clark365@school.edu,815-990-7551,male
Emery,Jordan,Jackson,2005-09-14,emery.jackson2386@example.edu,531-227-3979,male
Taylor,,Allen,2012-04-22,taylor.allen4259@students.edu,675-692-7312,male
Brett,Ray,Moore,2013-01-18,brett.moore9334@students.edu,787-473-3528,nonbinary
Blake,Jude,Lewis,2016-08-08,blake.lewis2949@school.edu,720-296-2864,female
Devin,Lane,Ramirez,2009-06-17,devin.ramirez5228@school.edu,955-605-7168,female
Dakota,Skye,Baker,2011-02-06,dakota.baker6837@example.edu,559-427-6753,female
Finley,Quinn,Perez,2015-08-08,finley.perez7823@example.edu,421-805-8694,female
Cameron,Ray,Anderson,2008-04-22,cameron.anderson5685@school.edu,628-243-8277,male
Emery,,Lee,2013-01-21,emery.lee8322@students.edu,892-753-4052,female
Rowan,Wren,Walker,2010-07-13,rowan.walker731@students.edu,566-992-1184,male
Finley,James,Davis,2010-12-08,finley.davis7715@example.edu,644-898-8149,nonbinary
Jules,Jude,Torres,2014-11-14,jules.torres1146@example.edu,389-946-8621,female
Casey,Skye,Anderson,2007-03-28,casey.anderson4242@school.edu,229-310-6578,nonbinary
Sage,Shawn,Martin,2013-10-01,sage.martin3812@school.edu,234-923-6650,nonbinary
Riley,Jordan,Johnson,2014-12-28,riley.johnson793@school.edu,465-739-9581,female
Sloan,Lane,Ramirez,2011-07-28,sloan.ramirez81@school.edu,808-362-7614,female
Brett,Grace,Walker,2005-10-08,brett.walker228@example.edu,465-983-9734,female
Rowan,Jude,Jackson,2015-07-31,rowan.jackson6153@school.edu,484-651-9373,female
Kit,,Jackson,2007-02-11,kit.jackson5361@school.edu,968-394-5444,nonbinary
Logan,Jean,Wilson,2015-05-26,logan.wilson9113@school.edu,541-850-1077,female
Reese,Taylor,Robinson,2007-01-11,reese.robinson4191@example.edu,530-956-5963,female
Sydney,Noel,Miller,1976-07-28,sydney.miller@boardofeducationgoverningboard.example.org,(555) 594-9561,Female
Taylor,Jude,Taylor,1996-05-29,taylor.taylor@boardofeducationgoverningboard.example.org,(555) 827-7296,Male
Kendall,Drew,Moore,1972-07-05,kendall.moore@boardofeducationgoverningboard.example.org,(555) 412-2088,Prefer not to say
Morgan,Kai,Thomas,1981-11-01,morgan.thomas@boardofeducationgoverningboard.example.org,(555) 907-9427,Male
Kendall,Blue,Moore,2001-10-03,kendall.moore@superintendentsoffice.example.org,(555) 588-2030,Male
Rowan,Jude,Smith,1980-04-10,rowan.smith@superintendentsoffice.example.org,(555) 416-9997,Male
Blake,Sage,Moore,2002-03-04,blake.moore@superintendentsoffice.example.org,(555) 822-2856,Male
Riley,Marie,Rodriguez,1968-04-18,riley.rodriguez@superintendentsoffice.example.org,(555) 598-5185,Male
Rowan,Grace,Gonzalez,2003-11-14,rowan.gonzalez@superintendentsoffice.example.org,(555) 505-9929,Prefer not to say
Reese,James,Wilson,1977-06-16,reese.wilson@superintendentsoffice.example.org,(555) 213-8884,Nonbinary
Skyler,Grace,Smith,1986-03-26,skyler.smith@superintendentsoffice.example.org,(555) 889-3557,Prefer not to say
Jamie,Ash,Johnson,1997-10-10,jamie.johnson@superintendentsoffice.example.org,(555) 323-3876,Male
Taylor,Blue,Thomas,2001-03-26,taylor.thomas@generaloperations.example.org,(555) 252-7695,Male
Quinn,Ray,Anderson,1998-07-09,quinn.anderson@generaloperations.example.org,(555) 524-1954,Female
Reese,Lee,Anderson,1997-02-25,reese.anderson@schoolleadership.example.org,(555) 475-3554,Nonbinary
Sydney,Jude,Williams,1995-12-07,sydney.williams@schoolleadership.example.org,(555) 556-9108,Female
Emerson,Sage,Taylor,1987-08-05,emerson.taylor@schoolleadership.example.org,(555) 453-8501,Female
Kendall,Lee,Hernandez,2003-01-02,kendall.hernandez@schoolleadership.example.org,(555) 765-1124,Female
Jamie,James,Thomas,2001-02-07,jamie.thomas@schoolleadership.example.org,(555) 372-4680,Female
Rowan,Sage,Davis,1969-02-06,rowan.davis@schoolleadership.example.org,(555) 460-4784,Female
Alex,Blue,Taylor,1967-04-27,alex.taylor@schoolleadership.example.org,(555) 843-8802,Female
Jordan,James,Thomas,1985-02-08,jordan.thomas@generaloperations.example.org,(555) 568-4647,Male
Hayden,Noel,Miller,1966-09-01,hayden.miller@athleticsactivitiesenrichment.example.org,(555) 832-7107,Nonbinary
Sydney,Rey,Brown,1979-02-13,sydney.brown@athleticsactivitiesenrichment.example.org,(555) 728-9024,Female
Blake,Blue,Jackson,1976-10-11,blake.jackson@athleticsactivitiesenrichment.example.org,(555) 311-9647,Female
Jamie,Lee,Hernandez,1976-08-19,jamie.hernandez@schoolleadership.example.org,(555) 655-9823,Prefer not to say
Taylor,Skye,Johnson,1979-01-06,taylor.johnson@schoolleadership.example.org,(555) 291-8854,Female
Emerson,Ash,Wilson,1965-04-13,emerson.wilson@schoolleadership.example.org,(555) 440-9501,Female
Avery,Lee,Jackson,1968-02-10,avery.jackson@academicsinstruction.example.org,(555) 594-2502,Prefer not to say
Alex,Blue,Smith,1991-02-23,alex.smith@academicsinstruction.example.org,(555) 436-2929,Male
Hayden,Jude,Williams,1971-04-15,hayden.williams@academicsinstruction.example.org,(555) 435-3010,Nonbinary
Skyler,Kai,Rodriguez,1993-02-04,skyler.rodriguez@academicsinstruction.example.org,(555) 593-1883,Male
Quinn,Noel,Jackson,1980-07-20,quinn.jackson@academicsinstruction.example.org,(555) 826-3551,Male
Devon,Kai,Williams,1991-03-12,devon.williams@academicsinstruction.example.org,(555) 759-4826,Female
Cameron,Ray,Anderson,1965-01-22,cameron.anderson@athleticsactivitiesenrichment.example.org,(555) 548-4191,Prefer not to say
Quinn,Kai,Gonzalez,1999-11-19,quinn.gonzalez@athleticsactivitiesenrichment.example.org,(555) 754-1170,Prefer not to say
Sydney,Sage,Anderson,1986-03-16,sydney.anderson@academicsinstruction.example.org,(555) 384-7530,Female
Rowan,Sage,Williams,1974-05-30,rowan.williams@academicsinstruction.example.org,(555) 448-8555,Male
Parker,Lynn,Davis,1990-11-30,parker.davis@academicsinstruction.example.org,(555) 522-3194,Prefer not to say
Casey,James,Wilson,1977-07-23,casey.wilson@academicsinstruction.example.org,(555) 368-6177,Male
Sydney,Noel,Anderson,1995-01-12,sydney.anderson@academicsinstruction.example.org,(555) 841-5700,Nonbinary
Hayden,Noel,Wilson,1985-01-18,hayden.wilson@academicsinstruction.example.org,(555) 635-3693,Male
Quinn,Marie,Miller,1965-07-05,quinn.miller@academicsinstruction.example.org,(555) 793-6442,Female
Cameron,Sage,Brown,1973-10-30,cameron.brown@generaloperations.example.org,(555) 735-6794,Prefer not to say
Parker,Lynn,Lopez,1974-02-15,parker.lopez@generaloperations.example.org,(555) 339-3038,Prefer not to say
Rowan,Ray,Gonzalez,1987-10-13,rowan.gonzalez@academicsinstruction.example.org,(555) 271-8966,Prefer not to say
Alex,Marie,Gonzalez,1968-08-01,alex.gonzalez@academicsinstruction.example.org,(555) 302-3228,Female
Emerson,Lee,Taylor,1989-05-09,emerson.taylor@academicsinstruction.example.org,(555) 636-7821,Prefer not to say
Parker,Ray,Martinez,1982-10-15,parker.martinez@academicsinstruction.example.org,(555) 996-7280,Male
Cameron,Ray,Rodriguez,1991-05-08,cameron.rodriguez@academicsinstruction.example.org,(555) 391-7333,Nonbinary
Casey,Rey,Miller,1983-03-05,casey.miller@academicsinstruction.example.org,(555) 912-6354,Male
Parker,James,Johnson,1982-07-23,parker.johnson@academicsinstruction.example.org,(555) 726-8098,Female
Casey,Jude,Johnson,1992-08-25,casey.johnson@generaloperations.example.org,(555) 907-7351,Prefer not to say
Quinn,Blue,Martinez,1992-07-02,quinn.martinez@academicsinstruction.example.org,(555) 536-5222,Male
Sydney,Ray,Taylor,1988-09-30,sydney.taylor@academicsinstruction.example.org,(555) 458-2482,Prefer not to say
Casey,Noel,Garcia,1991-08-03,casey.garcia@academicsinstruction.example.org,(555) 783-7748,Nonbinary
Devon,Blue,Williams,2000-05-07,devon.williams@academicsinstruction.example.org,(555) 706-3139,Prefer not to say
Morgan,Noel,Brown,1991-02-15,morgan.brown@academicsinstruction.example.org,(555) 555-1747,Female
Quinn,Lee,Johnson,1970-09-26,quinn.johnson@generaloperations.example.org,(555) 524-8927,Male
Morgan,Ray,Taylor,1981-09-11,morgan.taylor@generaloperations.example.org,(555) 645-5936,Nonbinary
Devon,Marie,Hernandez,1978-12-29,devon.hernandez@generaloperations.example.org,(555) 607-2637,Male
Kendall,Skye,Gonzalez,1989-05-10,kendall.gonzalez@generaloperations.example.org,(555) 342-1019,Male
Skyler,Marie,Williams,1981-02-22,skyler.williams@generaloperations.example.org,(555) 805-7195,Male
Reese,Ray,Hernandez,1966-06-22,reese.hernandez@generaloperations.example.org,(555) 976-3071,Prefer not to say
Morgan,Ash,Wilson,1995-11-20,morgan.wilson@generaloperations.example.org,(555) 657-5944,Nonbinary
Morgan,Ray,Gonzalez,1986-12-06,morgan.gonzalez@generaloperations.example.org,(555) 814-8017,Prefer not to say
Riley,Lynn,Lopez,1975-12-09,riley.lopez@academicsinstruction.example.org,(555) 910-6958,Nonbinary
Devon,Drew,Johnson,1991-10-14,devon.johnson@generaloperations.example.org,(555) 544-4779,Female
Taylor,Drew,Brown,1969-05-30,taylor.brown@generaloperations.example.org,(555) 333-7696,Prefer not to say
Rowan,Skye,Martinez,1980-09-23,rowan.martinez@generaloperations.example.org,(555) 609-7909,Male
Cameron,Drew,Anderson,1999-12-20,cameron.anderson@academicsinstruction.example.org,(555) 272-7906,Female
Blake,Grace,Wilson,2000-09-23,blake.wilson@generaloperations.example.org,(555) 890-2937,Male
Alex,Skye,Hernandez,1966-03-03,alex.hernandez@academicscentraloffice.example.org,(555) 394-9271,Male
Hayden,Rey,Garcia,1991-12-19,hayden.garcia@academicsinstruction.example.org,(555) 708-6388,Male
Skyler,Jude,Moore,1994-03-24,skyler.moore@generaloperations.example.org,(555) 790-4280,Male
Quinn,Lee,Garcia,1985-03-19,quinn.garcia@generaloperations.example.org,(555) 909-8754,Female
Skyler,Sage,Thomas,2002-09-05,skyler.thomas@technology.example.org,(555) 905-8640,Nonbinary
Parker,Rey,Martinez,1990-03-12,parker.martinez@generaloperations.example.org,(555) 749-6367,Male
Kendall,Sage,Miller,1989-09-03,kendall.miller@generaloperations.example.org,(555) 384-3031,Male
Morgan,Jude,Martinez,1991-12-13,morgan.martinez@generaloperations.example.org,(555) 975-8248,Female
Taylor,Skye,Jackson,1973-05-03,taylor.jackson@generaloperations.example.org,(555) 461-6434,Nonbinary
Sydney,Marie,Gonzalez,1966-04-25,sydney.gonzalez@technology.example.org,(555) 785-4726,Nonbinary
Hayden,Ray,Brown,1994-03-08,hayden.brown@technology.example.org,(555) 951-9485,Nonbinary
Reese,James,Johnson,1997-04-02,reese.johnson@generaloperations.example.org,(555) 646-4179,Female
Sydney,Blue,Davis,1992-11-20,sydney.davis@academicsinstruction.example.org,(555) 388-1708,Female
Taylor,Lee,Smith,1965-01-25,taylor.smith@academicsinstruction.example.org,(555) 398-6824,Female
Blake,James,Miller,1986-03-29,blake.miller@athleticsactivitiesenrichment.example.org,(555) 530-7534,Prefer not to say
Cameron,Ash,Jackson,1992-04-21,cameron.jackson@academicsinstruction.example.org,(555) 824-9399,Prefer not to say
Casey,Ash,Williams,1992-06-14,casey.williams@athleticsactivitiesenrichment.example.org,(555) 635-3476,Male
Cameron,Lynn,Jackson,2000-12-08,cameron.jackson@athleticsactivitiesenrichment.example.org,(555) 373-7874,Nonbinary
Cameron,Lee,Jones,1984-02-04,cameron.jones@academicsinstruction.example.org,(555) 635-6989,Prefer not to say
Alex,Lynn,Johnson,1994-07-21,alex.johnson@academicsinstruction.example.org,(555) 748-5162,Nonbinary
Parker,Rey,Jones,1973-01-29,parker.jones@academicsinstruction.example.org,(555) 218-4574,Female
Morgan,Kai,Lopez,2003-10-13,morgan.lopez@athleticsactivitiesenrichment.example.org,(555) 203-3092,Male
Hayden,Grace,Brown,1979-01-16,hayden.brown@athleticsactivitiesenrichment.example.org,(555) 361-9435,Male
Reese,Marie,Jackson,1979-12-01,reese.jackson@athleticsactivitiesenrichment.example.org,(555) 597-4241,Nonbinary
Sydney,Marie,Lopez,1990-05-07,sydney.lopez@athleticsactivitiesenrichment.example.org,(555) 220-9890,Male
Riley,Ash,Brown,1983-01-11,riley.brown@earlychildhoodandenrichment.example.org,(555) 573-3300,Nonbinary
Rowan,Drew,Martinez,1969-07-07,rowan.martinez@academicsinstruction.example.org,(555) 497-2575,Male
Reese,Ash,Rodriguez,1990-05-06,reese.rodriguez@technology.example.org,(555) 511-7874,Male
Morgan,Grace,Smith,1975-01-09,morgan.smith@earlychildhoodandenrichment.example.org,(555) 947-4833,Male
Cameron,James,Martinez,1976-06-04,cameron.martinez@earlychildhoodandenrichment.example.org,(555) 311-1738,Nonbinary
Sydney,Ash,Anderson,2002-09-14,sydney.anderson@earlychildhoodandenrichment.example.org,(555) 575-1905,Prefer not to say
Casey,Skye,Anderson,1976-08-08,casey.anderson@earlychildhoodandenrichment.example.org,(555) 608-1154,Prefer not to say
Parker,James,Martin,1993-09-24,parker.martin@earlychildhoodandenrichment.example.org,(555) 274-4968,Male
Jordan,Lynn,Moore,1974-02-09,jordan.moore@finance.example.org,(555) 335-4269,Prefer not to say
Riley,Drew,Wilson,1974-04-24,riley.wilson@generaloperations.example.org,(555) 297-3775,Prefer not to say
Blake,Marie,Rodriguez,1965-05-22,blake.rodriguez@academicsinstruction.example.org,(555) 751-2067,Male
Casey,Ash,Smith,1971-09-12,casey.smith@academicsinstruction.example.org,(555) 402-4873,Nonbinary
Reese,Lynn,Jones,1976-05-18,reese.jones@generaloperations.example.org,(555) 875-3239,Male
Devon,Skye,Miller,1993-04-16,devon.miller@academicscentraloffice.example.org,(555) 900-4176,Prefer not to say
Avery,Jude,Smith,1996-12-27,avery.smith@generaloperations.example.org,(555) 427-6785,Male
Reese,Noel,Martinez,1995-11-01,reese.martinez@academicscentraloffice.example.org,(555) 471-3305,Female
Hayden,Noel,Moore,1986-01-07,hayden.moore@academicscentraloffice.example.org,(555) 253-3700,Male
Riley,Kai,Jackson,1997-09-17,riley.jackson@finance.example.org,(555) 639-5202,Prefer not to say
Hayden,Noel,Wilson,1992-05-20,hayden.wilson@technology.example.org,(555) 721-3181,Male
Morgan,Skye,Lopez,1973-05-23,morgan.lopez@academicsinstruction.example.org,(555) 257-1943,Male
Taylor,Noel,Davis,1968-06-27,taylor.davis@academicscentraloffice.example.org,(555) 691-6040,Nonbinary
Rowan,Blue,Smith,1986-05-04,rowan.smith@academicscentraloffice.example.org,(555) 890-7962,Prefer not to say
Riley,Sage,Davis,2000-09-28,riley.davis@academicsinstruction.example.org,(555) 928-6748,Prefer not to say
Skyler,Drew,Williams,1995-03-29,skyler.williams@academicscentraloffice.example.org,(555) 454-6367,Female
Cameron,Ray,Johnson,1987-02-15,cameron.johnson@specialeducation.example.org,(555) 725-9286,Prefer not to say
Parker,James,Davis,1980-02-20,parker.davis@academicsinstruction.example.org,(555) 279-3437,Male
Casey,Kai,Williams,2001-04-26,casey.williams@specialeducation.example.org,(555) 475-4372,Female
Casey,Ash,Jones,1989-04-10,casey.jones@specialeducation.example.org,(555) 920-1241,Male
Blake,Drew,Lopez,2002-03-18,blake.lopez@generaloperations.example.org,(555) 574-1774,Prefer not to say
Sydney,Lee,Hernandez,1977-12-09,sydney.hernandez@specialeducation.example.org,(555) 866-7697,Male
Parker,Kai,Anderson,1981-01-15,parker.anderson@finance.example.org,(555) 589-9533,Nonbinary
Casey,Grace,Rodriguez,1986-08-02,casey.rodriguez@specialeducation.example.org,(555) 386-7017,Male
Avery,Sage,Jackson,1969-05-05,avery.jackson@specialeducation.example.org,(555) 641-7520,Prefer not to say
Avery,Rey,Miller,1995-06-17,avery.miller@boardofeducationgoverningboard.example.org,(555) 844-4754,Male
Taylor,Rey,Smith,1992-05-12,taylor.smith@specialeducation.example.org,(555) 987-5110,Male
Reese,Lynn,Rodriguez,1997-05-28,reese.rodriguez@specialeducation.example.org,(555) 447-7335,Male
Jamie,Sage,Garcia,1973-02-03,jamie.garcia@specialeducation.example.org,(555) 906-1287,Female
Emerson,Skye,Jones,1980-06-29,emerson.jones@academicsinstruction.example.org,(555) 795-2422,Prefer not to say
Casey,Ash,Martinez,2000-03-20,casey.martinez@specialeducation.example.org,(555) 668-6691,Prefer not to say
Skyler,Lynn,Garcia,2000-10-17,skyler.garcia@specialeducation.example.org,(555) 831-7647,Female
Jamie,Skye,Martinez,1981-03-11,jamie.martinez@finance.example.org,(555) 327-8895,Prefer not to say
Kendall,Grace,Thomas,1986-02-13,kendall.thomas@academicsinstruction.example.org,(555) 727-1284,Prefer not to say
Morgan,Lynn,Smith,1984-03-30,morgan.smith@academicsinstruction.example.org,(555) 469-3154,Female
Casey,James,Thomas,1995-12-28,casey.thomas@specialeducation.example.org,(555) 241-8932,Female
Devon,Kai,Gonzalez,1995-08-15,devon.gonzalez@generaloperations.example.org,(555) 467-1563,Nonbinary
Morgan,Ray,Anderson,2002-01-14,morgan.anderson@generaloperations.example.org,(555) 830-9882,Prefer not to say
Emerson,Lynn,Smith,1979-06-12,emerson.smith@alternativevirtualcteprograms.example.org,(555) 501-6907,Female
Skyler,Skye,Anderson,1982-06-18,skyler.anderson@alternativevirtualcteprograms.example.org,(555) 540-5308,Female
Jordan,Rey,Anderson,1984-07-11,jordan.anderson@alternativevirtualcteprograms.example.org,(555) 577-7153,Prefer not to say
Devon,Jude,Garcia,1978-06-19,devon.garcia@alternativevirtualcteprograms.example.org,(555) 701-6037,Prefer not to say
Blake,Marie,Moore,1966-03-12,blake.moore@finance.example.org,(555) 667-8688,Prefer not to say
Morgan,Grace,Davis,1983-03-11,morgan.davis@alternativevirtualcteprograms.example.org,(555) 692-8874,Nonbinary
Emerson,Grace,Miller,1987-11-08,emerson.miller@alternativevirtualcteprograms.example.org,(555) 932-7220,Male
Alex,Ash,Garcia,1978-10-08,alex.garcia@academicscentraloffice.example.org,(555) 431-4460,Male
Jamie,Lee,Davis,1983-11-18,jamie.davis@academicscentraloffice.example.org,(555) 404-2946,Prefer not to say
Cameron,Blue,Lopez,1981-09-09,cameron.lopez@finance.example.org,(555) 749-1715,Prefer not to say
Hayden,Grace,Moore,1992-03-12,hayden.moore@academicsinstruction.example.org,(555) 524-6786,Nonbinary
Emerson,Drew,Rodriguez,1984-03-29,emerson.rodriguez@generaloperations.example.org,(555) 733-4131,Prefer not to say
Sydney,Marie,Williams,1988-11-18,sydney.williams@generaloperations.example.org,(555) 779-4031,Female
Alex,James,Moore,1978-02-20,alex.moore@generaloperations.example.org,(555) 487-4243,Male
Kendall,Grace,Gonzalez,1978-03-03,kendall.gonzalez@communicationspradvancement.example.org,(555) 971-9398,Male
Hayden,Lynn,Williams,1991-01-05,hayden.williams@generaloperations.example.org,(555) 982-9005,Prefer not to say
Casey,Marie,Jones,1997-09-29,casey.jones@operationsfacilities.example.org,(555) 967-1327,Prefer not to say
Casey,Jude,Martin,1977-05-14,casey.martin@operationsfacilities.example.org,(555) 720-8515,Prefer not to say
Kendall,Kai,Smith,1968-09-02,kendall.smith@generaloperations.example.org,(555) 617-9673,Female
Morgan,Jude,Gonzalez,1968-09-16,morgan.gonzalez@operationsfacilities.example.org,(555) 662-7839,Male
Kendall,Blue,Taylor,1996-10-28,kendall.taylor@operationsfacilities.example.org,(555) 862-4957,Nonbinary
Casey,Drew,Jones,1998-12-18,casey.jones@operationsfacilities.example.org,(555) 459-3180,Female
Sydney,Lee,Miller,1973-05-13,sydney.miller@operationsfacilities.example.org,(555) 471-5499,Prefer not to say
Cameron,Skye,Hernandez,1967-12-14,cameron.hernandez@operationsfacilities.example.org,(555) 696-2692,Female
Rowan,Ray,Jackson,1978-08-22,rowan.jackson@operationsfacilities.example.org,(555) 395-9224,Nonbinary
Emerson,Lynn,Moore,1997-08-12,emerson.moore@operationsfacilities.example.org,(555) 637-5949,Nonbinary
Jamie,Kai,Jones,1991-01-13,jamie.jones@operationsfacilities.example.org,(555) 226-1029,Male
Cameron,Ray,Thomas,1987-06-17,cameron.thomas@generaloperations.example.org,(555) 980-2830,Female
Devon,Ash,Anderson,1990-10-15,devon.anderson@operationsfacilities.example.org,(555) 815-2148,Prefer not to say
Morgan,Ash,Brown,1985-11-27,morgan.brown@operationsfacilities.example.org,(555) 582-7261,Female
Blake,Lee,Moore,1989-08-09,blake.moore@generaloperations.example.org,(555) 684-7459,Nonbinary
Alex,Lynn,Martinez,1994-02-04,alex.martinez@generaloperations.example.org,(555) 205-7270,Male
Sydney,Ash,Smith,1997-09-03,sydney.smith@generaloperations.example.org,(555) 392-9713,Nonbinary
Emerson,Kai,Miller,1982-02-08,emerson.miller@generaloperations.example.org,(555) 761-1656,Prefer not to say
Skyler,James,Taylor,1970-10-15,skyler.taylor@generaloperations.example.org,(555) 323-4511,Prefer not to say
Rowan,Sage,Wilson,1971-07-28,rowan.wilson@generaloperations.example.org,(555) 980-9537,Nonbinary
Skyler,Noel,Thomas,1975-01-11,skyler.thomas@transportation.example.org,(555) 360-1493,Male
Cameron,Marie,Brown,1990-11-03,cameron.brown@transportation.example.org,(555) 247-1930,Nonbinary
Parker,Blue,Jones,1994-11-01,parker.jones@transportation.example.org,(555) 293-6565,Nonbinary
Parker,Rey,Johnson,1985-11-14,parker.johnson@transportation.example.org,(555) 432-2108,Female
Reese,Blue,Jackson,2002-01-31,reese.jackson@transportation.example.org,(555) 257-1457,Female
Jordan,James,Davis,1974-11-04,jordan.davis@transportation.example.org,(555) 524-2856,Male
Hayden,Marie,Johnson,1989-09-17,hayden.johnson@transportation.example.org,(555) 973-3422,Male
Hayden,Marie,Moore,1969-01-20,hayden.moore@transportation.example.org,(555) 621-2323,Male
Jordan,Noel,Moore,2002-07-10,jordan.moore@generaloperations.example.org,(555) 458-2262,Prefer not to say
Hayden,Lee,Williams,2000-08-20,hayden.williams@transportation.example.org,(555) 648-4501,Female
Riley,Jude,Davis,1977-08-19,riley.davis@transportation.example.org,(555) 771-5541,Male
Hayden,Jude,Moore,2001-07-03,hayden.moore@nutritionservices.example.org,(555) 620-3564,Prefer not to say
Sydney,Sage,Smith,1970-02-24,sydney.smith@nutritionservices.example.org,(555) 652-6490,Prefer not to say
Jamie,Lynn,Johnson,1980-06-01,jamie.johnson@nutritionservices.example.org,(555) 299-8067,Nonbinary
Parker,Blue,Martinez,1986-09-01,parker.martinez@nutritionservices.example.org,(555) 940-5251,Prefer not to say
Morgan,Lee,Thomas,1980-08-30,morgan.thomas@nutritionservices.example.org,(555) 795-8799,Prefer not to say
Alex,Grace,Brown,2002-10-04,alex.brown@nutritionservices.example.org,(555) 249-1487,Nonbinary
Alex,Noel,Garcia,1970-06-27,alex.garcia@nutritionservices.example.org,(555) 301-9459,Prefer not to say
Alex,Rey,Smith,2000-12-22,alex.smith@nutritionservices.example.org,(555) 260-1399,Female
Blake,Lynn,Jackson,1975-05-30,blake.jackson@nutritionservices.example.org,(555) 755-5802,Nonbinary
Riley,Blue,Miller,1985-01-03,riley.miller@nutritionservices.example.org,(555) 474-7700,Prefer not to say
Morgan,Ray,Miller,2003-11-23,morgan.miller@safetysecurity.example.org,(555) 748-6995,Prefer not to say
Blake,Drew,Gonzalez,1992-05-28,blake.gonzalez@safetysecurity.example.org,(555) 262-2840,Prefer not to say
Jamie,Kai,Moore,1992-12-28,jamie.moore@safetysecurity.example.org,(555) 224-5914,Male
Blake,Lee,Miller,1972-12-20,blake.miller@safetysecurity.example.org,(555) 380-5236,Male
Riley,Rey,Wilson,1983-12-13,riley.wilson@safetysecurity.example.org,(555) 252-1217,Prefer not to say
Taylor,Drew,Rodriguez,2001-07-31,taylor.rodriguez@generaloperations.example.org,(555) 205-6991,Nonbinary
Devon,Blue,Johnson,1965-07-28,devon.johnson@safetysecurity.example.org,(555) 326-9731,Nonbinary
Parker,Jude,Taylor,1991-04-05,parker.taylor@generaloperations.example.org,(555) 689-4097,Nonbinary
Blake,Blue,Martinez,1971-01-18,blake.martinez@transportation.example.org,(555) 872-1550,Nonbinary
Parker,Lynn,Hernandez,1998-08-31,parker.hernandez@finance.example.org,(555) 950-4923,Female
Skyler,Drew,Lopez,1991-10-18,skyler.lopez@finance.example.org,(555) 749-3056,Male
Riley,Noel,Jackson,1971-06-21,riley.jackson@finance.example.org,(555) 883-1206,Prefer not to say
Skyler,Noel,Lopez,1981-04-15,skyler.lopez@finance.example.org,(555) 488-6239,Male
Quinn,Jude,Williams,1966-04-04,quinn.williams@finance.example.org,(555) 360-1820,Prefer not to say
Hayden,Lynn,Brown,1972-11-15,hayden.brown@finance.example.org,(555) 892-4667,Prefer not to say
Morgan,Jude,Rodriguez,1990-09-19,morgan.rodriguez@finance.example.org,(555) 450-7094,Female
Taylor,Jude,Smith,1993-09-03,taylor.smith@generaloperations.example.org,(555) 676-5534,Female
Cameron,Noel,Lopez,1981-07-11,cameron.lopez@finance.example.org,(555) 684-2892,Female
Reese,Kai,Miller,1966-06-14,reese.miller@finance.example.org,(555) 463-2204,Male
Sydney,Noel,Williams,1998-07-13,sydney.williams@finance.example.org,(555) 632-5854,Female
Hayden,Rey,Garcia,1967-01-16,hayden.garcia@finance.example.org,(555) 605-5560,Female
Jamie,Drew,Taylor,1977-09-02,jamie.taylor@finance.example.org,(555) 945-1848,Female
Jamie,Lynn,Anderson,1994-07-27,jamie.anderson@generaloperations.example.org,(555) 618-9273,Nonbinary
Reese,Drew,Wilson,1996-07-04,reese.wilson@finance.example.org,(555) 228-8666,Male
Devon,Jude,Garcia,1965-09-26,devon.garcia@finance.example.org,(555) 697-1679,Prefer not to say
Skyler,Lynn,Moore,1977-12-27,skyler.moore@humanresources.example.org,(555) 644-7691,Prefer not to say
Parker,Kai,Lopez,1978-05-28,parker.lopez@humanresources.example.org,(555) 833-2118,Female
Quinn,Drew,Wilson,1993-03-22,quinn.wilson@humanresources.example.org,(555) 774-2739,Female
Alex,Kai,Williams,1976-07-24,alex.williams@humanresources.example.org,(555) 500-7303,Female
Avery,Rey,Anderson,1994-11-01,avery.anderson@humanresources.example.org,(555) 734-6524,Male
Reese,Grace,Lopez,1971-04-11,reese.lopez@humanresources.example.org,(555) 917-8344,Nonbinary
Avery,Rey,Jackson,1971-06-28,avery.jackson@humanresources.example.org,(555) 388-5481,Nonbinary
Sydney,Ray,Anderson,2000-01-31,sydney.anderson@generaloperations.example.org,(555) 262-9383,Nonbinary
Emerson,Sage,Jackson,1994-08-02,emerson.jackson@technology.example.org,(555) 298-5141,Prefer not to say
Quinn,Marie,Gonzalez,1969-12-21,quinn.gonzalez@technology.example.org,(555) 998-4798,Prefer not to say
Cameron,Noel,Miller,1996-03-06,cameron.miller@technology.example.org,(555) 839-4048,Nonbinary
Sydney,Lee,Johnson,1967-01-15,sydney.johnson@technology.example.org,(555) 793-6105,Male
Jamie,Ray,Johnson,1992-10-31,jamie.johnson@technology.example.org,(555) 776-7823,Nonbinary
Casey,Marie,Taylor,1995-08-02,casey.taylor@technology.example.org,(555) 564-8897,Male
Skyler,Noel,Miller,1976-07-04,skyler.miller@technology.example.org,(555) 228-4802,Nonbinary
Taylor,James,Miller,1984-04-19,taylor.miller@safetysecurity.example.org,(555) 701-3291,Female
Devon,Grace,Thomas,1985-05-24,devon.thomas@technology.example.org,(555) 842-6535,Prefer not to say
Hayden,Rey,Thomas,1988-04-10,hayden.thomas@technology.example.org,(555) 551-5833,Female
Alex,Kai,Garcia,1972-12-06,alex.garcia@technology.example.org,(555) 309-9707,Female
Sydney,Noel,Rodriguez,1984-07-12,sydney.rodriguez@technology.example.org,(555) 528-7607,Female
Taylor,Skye,Smith,1968-04-24,taylor.smith@technology.example.org,(555) 273-5877,Female
Reese,Skye,Thomas,1994-11-05,reese.thomas@technology.example.org,(555) 396-2894,Female
Jordan,James,Moore,1993-03-21,jordan.moore@technology.example.org,(555) 838-5980,Prefer not to say
Parker,Jude,Martin,1982-06-01,parker.martin@technology.example.org,(555) 868-2455,Nonbinary
Sydney,Ash,Lopez,2000-11-16,sydney.lopez@technology.example.org,(555) 784-6765,Female
Kendall,Sage,Martin,1995-06-18,kendall.martin@technology.example.org,(555) 417-8798,Prefer not to say
Devon,Jude,Lopez,1979-10-10,devon.lopez@technology.example.org,(555) 204-6653,Prefer not to say
Jordan,Sage,Hernandez,1988-01-24,jordan.hernandez@communicationspradvancement.example.org,(555) 529-5551,Nonbinary
Emerson,Lynn,Miller,1971-04-25,emerson.miller@communicationspradvancement.example.org,(555) 563-1188,Male
Jordan,Drew,Garcia,1979-04-23,jordan.garcia@communicationspradvancement.example.org,(555) 591-5020,Male
Reese,Lynn,Taylor,1968-01-07,reese.taylor@communicationspradvancement.example.org,(555) 812-9447,Male
Emerson,Skye,Wilson,1969-04-20,emerson.wilson@communicationspradvancement.example.org,(555) 967-7437,Prefer not to say
Quinn,Marie,Lopez,1989-08-01,quinn.lopez@communicationspradvancement.example.org,(555) 962-3970,Female
Hayden,Kai,Davis,1999-06-22,hayden.davis@communicationspradvancement.example.org,(555) 211-6571,Nonbinary
Morgan,Marie,Thomas,1971-09-06,morgan.thomas@specialeducation.example.org,(555) 747-8709,Male
Avery,Kai,Miller,1969-07-24,avery.miller@communicationspradvancement.example.org,(555) 446-3624,Prefer not to say
Skyler,Marie,Lopez,1987-04-06,skyler.lopez@communicationspradvancement.example.org,(555) 638-3682,Female
Emerson,Rey,Davis,1985-05-06,emerson.davis@communicationspradvancement.example.org,(555) 940-2355,Female
Emerson,Drew,Martinez,1987-10-11,emerson.martinez@finance.example.org,(555) 680-3772,Nonbinary
Casey,James,Williams,1983-12-23,casey.williams@communicationspradvancement.example.org,(555) 786-2996,Female
Rowan,Kai,Rodriguez,1988-11-25,rowan.rodriguez@communicationspradvancement.example.org,(555) 307-7867,Prefer not to say
Alex,Kai,Thomas,1997-12-19,alex.thomas@communicationspradvancement.example.org,(555) 993-9988,Prefer not to say
Skyler,Marie,Taylor,1994-07-12,skyler.taylor@generaloperations.example.org,(555) 428-7608,Female
Jamie,Kai,Martin,1972-08-05,jamie.martin@communicationspradvancement.example.org,(555) 328-3409,Male
Kendall,Drew,Thomas,1973-01-18,kendall.thomas@communicationspradvancement.example.org,(555) 241-8975,Nonbinary
Taylor,Jude,Wilson,1966-09-19,taylor.wilson@finance.example.org,(555) 838-8711,Female
Alex,Blue,Thomas,1992-11-27,alex.thomas@communicationspradvancement.example.org,(555) 909-7763,Prefer not to say
