username,email
board.chair,board.chair@osss.local
board.chair2,board.chair2@osss.local
board.clerk,board.clerk@osss.local
school.trustee,school.trustee@osss.local
superintendent.lnu,superintendent.lnu@osss.local
head.school,head.school@osss.local
deputy.superintendent,deputy.superintendent@osss.local
associate.superintendent,associate.superintendent@osss.local
assistant.superintendent,assistant.superintendent@osss.local
chief.staff,chief.staff@osss.local
general.counsel,general.counsel@osss.local
ombudsperson.lnu,ombudsperson.lnu@osss.local
chief.officer,chief.officer@osss.local
chief.officer2,chief.officer2@osss.local
principal.lnu,principal.lnu@osss.local
assistant.principal,assistant.principal@osss.local
associate.principal,associate.principal@osss.local
vice.principal,vice.principal@osss.local
dean.students,dean.students@osss.local
dean.academics,dean.academics@osss.local
grade.dean,grade.dean@osss.local
director.life,director.life@osss.local
activities.director,activities.director@osss.local
athletics.director,athletics.director@osss.local
assistant.director,assistant.director@osss.local
head.school2,head.school2@osss.local
head.school3,head.school3@osss.local
head.school4,head.school4@osss.local
classroom.teacher,classroom.teacher@osss.local
elementary.teacher,elementary.teacher@osss.local
middle.teacher,middle.teacher@osss.local
high.teacher,high.teacher@osss.local
art.teacher,art.teacher@osss.local
music.teacher,music.teacher@osss.local
band.director,band.director@osss.local
choir.director,choir.director@osss.local
theater.teacher,theater.teacher@osss.local
physical.teacher,physical.teacher@osss.local
health.teacher,health.teacher@osss.local
world.teacher,world.teacher@osss.local
computer.teacher,computer.teacher@osss.local
cte.teacher,cte.teacher@osss.local
early.teacher,early.teacher@osss.local
reading.interventionist,reading.interventionist@osss.local
math.interventionist,math.interventionist@osss.local
instructional.coach,instructional.coach@osss.local
literacy.coach,literacy.coach@osss.local
math.coach,math.coach@osss.local
mentor.teacher,mentor.teacher@osss.local
media.specialist,media.specialist@osss.local
teacher.librarian,teacher.librarian@osss.local
substitute.teacher,substitute.teacher@osss.local
long.substitute,long.substitute@osss.local
teacher.resident,teacher.resident@osss.local
student.teacher,student.teacher@osss.local
instructional.fellow,instructional.fellow@osss.local
school.counselor,school.counselor@osss.local
guidance.counselor,guidance.counselor@osss.local
school.worker,school.worker@osss.local
family.liaison,family.liaison@osss.local
school.nurse,school.nurse@osss.local
health.aide,health.aide@osss.local
attendance.officer,attendance.officer@osss.local
truancy.officer,truancy.officer@osss.local
mckinney.liaison,mckinney.liaison@osss.local
foster.liaison,foster.liaison@osss.local
behavior.coach,behavior.coach@osss.local
restorative.coordinator,restorative.coordinator@osss.local
mtss.coordinator,mtss.coordinator@osss.local
rti.coordinator,rti.coordinator@osss.local
registrar.lnu,registrar.lnu@osss.local
records.clerk,records.clerk@osss.local
testing.coordinator,testing.coordinator@osss.local
college.counselor,college.counselor@osss.local
financial.advisor,financial.advisor@osss.local
school.secretary,school.secretary@osss.local
administrative.assistant,administrative.assistant@osss.local
office.manager,office.manager@osss.local
receptionist.lnu,receptionist.lnu@osss.local
attendance.clerk,attendance.clerk@osss.local
student.clerk,student.clerk@osss.local
data.clerk,data.clerk@osss.local
sis.clerk,sis.clerk@osss.local
health.clerk,health.clerk@osss.local
head.coach,head.coach@osss.local
assistant.coach,assistant.coach@osss.local
athletic.trainer,athletic.trainer@osss.local
strength.coach,strength.coach@osss.local
club.sponsor,club.sponsor@osss.local
activity.sponsor,activity.sponsor@osss.local
robotics.coach,robotics.coach@osss.local
debate.coach,debate.coach@osss.local
esports.coach,esports.coach@osss.local
yearbook.advisor,yearbook.advisor@osss.local
student.advisor,student.advisor@osss.local
performing.director,performing.director@osss.local
theater.director,theater.director@osss.local
director.childhood,director.childhood@osss.local
preschool.teacher,preschool.teacher@osss.local
preschool.assistant,preschool.assistant@osss.local
before.director,before.director@osss.local
after.director,after.director@osss.local
extended.coordinator,extended.coordinator@osss.local
summer.coordinator,summer.coordinator@osss.local
enrichment.coordinator,enrichment.coordinator@osss.local
chaplain.lnu,chaplain.lnu@osss.local
campus.minister,campus.minister@osss.local
religion.teacher,religion.teacher@osss.local
theology.teacher,theology.teacher@osss.local
service.coordinator,service.coordinator@osss.local
chief.officer3,chief.officer3@osss.local
director.services,director.services@osss.local
director.instruction,director.instruction@osss.local
director.evaluation,director.evaluation@osss.local
director.accountability,director.accountability@osss.local
director.analytics,director.analytics@osss.local
instructional.coordinator,instructional.coordinator@osss.local
textbook.coordinator,textbook.coordinator@osss.local
professional.coordinator,professional.coordinator@osss.local
teacher.coordinator,teacher.coordinator@osss.local
accreditation.coordinator,accreditation.coordinator@osss.local
director.education,director.education@osss.local
special.teacher,special.teacher@osss.local
sped.manager,sped.manager@osss.local
school.psychologist,school.psychologist@osss.local
speech.pathologist,speech.pathologist@osss.local
occupational.therapist,occupational.therapist@osss.local
certified.assistant,certified.assistant@osss.local
physical.therapist,physical.therapist@osss.local
physical.assistant,physical.assistant@osss.local
board.analyst,board.analyst@osss.local
behavior.interventionist,behavior.interventionist@osss.local
vision.specialist,vision.specialist@osss.local
orientation.specialist,orientation.specialist@osss.local
deaf.teacher,deaf.teacher@osss.local
504.coordinator,504.coordinator@osss.local
sped.coordinator,sped.coordinator@osss.local
paraprofessional.lnu,paraprofessional.lnu@osss.local
instructional.aide,instructional.aide@osss.local
teachers.aide,teachers.aide@osss.local
sign.interpreter,sign.interpreter@osss.local
transition.specialist,transition.specialist@osss.local
vocational.specialist,vocational.specialist@osss.local
alternative.director,alternative.director@osss.local
virtual.director,virtual.director@osss.local
cte.director,cte.director@osss.local
pathways.coordinator,pathways.coordinator@osss.local
apprenticeship.coordinator,apprenticeship.coordinator@osss.local
international.director,international.director@osss.local
homestay.coordinator,homestay.coordinator@osss.local
testing.manager,testing.manager@osss.local
ib.coordinator,ib.coordinator@osss.local
ap.coordinator,ap.coordinator@osss.local
librarian.lnu,librarian.lnu@osss.local
archivist.lnu,archivist.lnu@osss.local
print.manager,print.manager@osss.local
mailroom.clerk,mailroom.clerk@osss.local
volunteer.coordinator,volunteer.coordinator@osss.local
chief.officer4,chief.officer4@osss.local
director.facilities,director.facilities@osss.local
facilities.manager,facilities.manager@osss.local
plant.manager,plant.manager@osss.local
maintenance.technician,maintenance.technician@osss.local
electrician.lnu,electrician.lnu@osss.local
plumber.lnu,plumber.lnu@osss.local
hvac.technician,hvac.technician@osss.local
carpenter.lnu,carpenter.lnu@osss.local
painter.lnu,painter.lnu@osss.local
locksmith.lnu,locksmith.lnu@osss.local
groundskeeper.lnu,groundskeeper.lnu@osss.local
irrigation.technician,irrigation.technician@osss.local
custodial.supervisor,custodial.supervisor@osss.local
custodian.lnu,custodian.lnu@osss.local
porter.lnu,porter.lnu@osss.local
night.lead,night.lead@osss.local
warehouse.receiving,warehouse.receiving@osss.local
inventory.specialist,inventory.specialist@osss.local
energy.manager,energy.manager@osss.local
sustainability.manager,sustainability.manager@osss.local
director.transportation,director.transportation@osss.local
routing.coordinator,routing.coordinator@osss.local
dispatcher.lnu,dispatcher.lnu@osss.local
bus.driver,bus.driver@osss.local
activity.driver,activity.driver@osss.local
bus.monitor,bus.monitor@osss.local
fleet.manager,fleet.manager@osss.local
mechanic.lnu,mechanic.lnu@osss.local
diesel.technician,diesel.technician@osss.local
shop.foreman,shop.foreman@osss.local
crossing.guard,crossing.guard@osss.local
director.services2,director.services2@osss.local
food.director,food.director@osss.local
cafeteria.manager,cafeteria.manager@osss.local
kitchen.manager,kitchen.manager@osss.local
cook.lnu,cook.lnu@osss.local
prep.cook,prep.cook@osss.local
baker.lnu,baker.lnu@osss.local
cashier.operator,cashier.operator@osss.local
dietitian.lnu,dietitian.lnu@osss.local
nutritionist.lnu,nutritionist.lnu@osss.local
director.security,director.security@osss.local
emergency.director,emergency.director@osss.local
school.officer,school.officer@osss.local
campus.officer,campus.officer@osss.local
security.guard,security.guard@osss.local
campus.supervisor,campus.supervisor@osss.local
emergency.coordinator,emergency.coordinator@osss.local
chief.officer5,chief.officer5@osss.local
business.manager,business.manager@osss.local
controller.lnu,controller.lnu@osss.local
accountant.lnu,accountant.lnu@osss.local
payroll.manager,payroll.manager@osss.local
payroll.specialist,payroll.specialist@osss.local
accounts.specialist,accounts.specialist@osss.local
accounts.specialist2,accounts.specialist2@osss.local
grants.manager,grants.manager@osss.local
grant.writer,grant.writer@osss.local
federal.director,federal.director@osss.local
purchasing.director,purchasing.director@osss.local
buyer.lnu,buyer.lnu@osss.local
risk.manager,risk.manager@osss.local
insurance.coordinator,insurance.coordinator@osss.local
compliance.officer,compliance.officer@osss.local
records.manager,records.manager@osss.local
e.coordinator,e.coordinator@osss.local
chief.officer6,chief.officer6@osss.local
human.director,human.director@osss.local
hr.manager,hr.manager@osss.local
hr.generalist,hr.generalist@osss.local
recruiter.lnu,recruiter.lnu@osss.local
benefits.manager,benefits.manager@osss.local
benefits.specialist,benefits.specialist@osss.local
chief.officer7,chief.officer7@osss.local
chief.officer8,chief.officer8@osss.local
director.technology,director.technology@osss.local
it.director,it.director@osss.local
network.administrator,network.administrator@osss.local
systems.administrator,systems.administrator@osss.local
cloud.administrator,cloud.administrator@osss.local
server.administrator,server.administrator@osss.local
information.officer,information.officer@osss.local
database.administrator,database.administrator@osss.local
help.manager,help.manager@osss.local
help.technician,help.technician@osss.local
field.technician,field.technician@osss.local
web.administrator,web.administrator@osss.local
webmaster.lnu,webmaster.lnu@osss.local
av.technician,av.technician@osss.local
sis.administrator,sis.administrator@osss.local
data.engineer,data.engineer@osss.local
data.analyst,data.analyst@osss.local
etl.developer,etl.developer@osss.local
chief.officer9,chief.officer9@osss.local
communications.director,communications.director@osss.local
public.director,public.director@osss.local
media.manager,media.manager@osss.local
family.coordinator,family.coordinator@osss.local
community.coordinator,community.coordinator@osss.local
translation.coordinator,translation.coordinator@osss.local
interpreter.coordinator,interpreter.coordinator@osss.local
alumni.director,alumni.director@osss.local
advancement.director,advancement.director@osss.local
annual.manager,annual.manager@osss.local
capital.manager,capital.manager@osss.local
major.officer,major.officer@osss.local
admissions.director,admissions.director@osss.local
enrollment.director,enrollment.director@osss.local
financial.director,financial.director@osss.local
marketing.director,marketing.director@osss.local
marketing.manager,marketing.manager@osss.local
graphic.designer,graphic.designer@osss.local
social.manager,social.manager@osss.local
